"Package","LibPath","Version","Priority","Depends","Imports","LinkingTo","Suggests","Enhances","License","License_is_FOSS","License_restricts_use","OS_type","MD5sum","NeedsCompilation","Built"
"abind","abind","C:/Program Files/R/R-3.5.3/library","1.4-5",NA,"R (>= 1.5.0)","methods, utils",NA,NA,NA,"LGPL (>= 2)",NA,NA,NA,NA,"no","3.5.2"
"acepack","acepack","C:/Program Files/R/R-3.5.3/library","1.4.1",NA,NA,NA,NA,"testthat",NA,"MIT + file LICENSE",NA,NA,NA,NA,"yes","3.5.3"
"anchors","anchors","C:/Program Files/R/R-3.5.3/library","3.0-8",NA,"R (>= 2.10), rgenoud, MASS",NA,NA,NA,NA,"GPL (>= 2)",NA,NA,NA,NA,"yes","3.5.3"
"askpass","askpass","C:/Program Files/R/R-3.5.3/library","1.1",NA,NA,"sys (>= 2.1)",NA,"testthat",NA,"MIT + file LICENSE",NA,NA,NA,NA,"yes","3.5.3"
"assertthat","assertthat","C:/Program Files/R/R-3.5.3/library","0.2.1",NA,NA,"tools",NA,"testthat, covr",NA,"GPL-3",NA,NA,NA,NA,"no","3.5.3"
"backports","backports","C:/Program Files/R/R-3.5.3/library","1.1.5",NA,"R (>= 3.0.0)","utils",NA,NA,NA,"GPL-2 | GPL-3",NA,NA,NA,NA,"yes","3.5.3"
"base","base","C:/Program Files/R/R-3.5.3/library","3.5.3","base",NA,NA,NA,"methods",NA,"Part of R 3.5.3",NA,NA,NA,NA,NA,"3.5.3"
"base64enc","base64enc","C:/Program Files/R/R-3.5.3/library","0.1-3",NA,"R (>= 2.9.0)",NA,NA,NA,"png","GPL-2 | GPL-3",NA,NA,NA,NA,"yes","3.5.2"
"BH","BH","C:/Program Files/R/R-3.5.3/library","1.72.0-3",NA,NA,NA,NA,NA,NA,"BSL-1.0",NA,NA,NA,NA,"no","3.5.3"
"bitops","bitops","C:/Program Files/R/R-3.5.3/library","1.0-6",NA,NA,NA,NA,NA,NA,"GPL (>= 2)",NA,NA,NA,NA,"yes","3.5.2"
"blob","blob","C:/Program Files/R/R-3.5.3/library","1.2.1",NA,NA,"methods, rlang, vctrs (>= 0.2.1)",NA,"covr, crayon, pillar (>= 1.2.1), testthat",NA,"GPL-3",NA,NA,NA,NA,"no","3.5.3"
"bookdown","bookdown","C:/Program Files/R/R-3.5.3/library","0.20",NA,NA,"htmltools (>= 0.3.6), knitr (>= 1.22), rmarkdown (>= 2.3),
xfun (>= 0.6), tinytex (>= 0.12)",NA,"htmlwidgets, rstudioapi, miniUI, rsconnect (>= 0.4.3), servr
(>= 0.13), shiny, testit (>= 0.9), tufte, webshot",NA,"GPL-3",NA,NA,NA,NA,"no","3.5.3"
"boot","boot","C:/Program Files/R/R-3.5.3/library","1.3-24","recommended","R (>= 3.0.0), graphics, stats",NA,NA,"MASS, survival",NA,"Unlimited",NA,NA,NA,NA,"no","3.5.3"
"broom","broom","C:/Program Files/R/R-3.5.3/library","0.5.4",NA,"R (>= 3.1)","backports, dplyr, generics (>= 0.0.2), methods, nlme, purrr,
reshape2, stringr, tibble, tidyr",NA,"AER, akima, AUC, bbmle, betareg, biglm, binGroup, boot, brms,
btergm, car, caret, coda, covr, e1071, emmeans, ergm, gam (>=
1.15), gamlss, gamlss.data, gamlss.dist, geepack, ggplot2,
glmnet, gmm, Hmisc, irlba, Kendall, knitr, ks, Lahman, lavaan,
lfe, lme4, lmodel2, lmtest, lsmeans, maps, maptools, MASS,
Matrix, mclust, mgcv, muhaz, multcomp, network, nnet, orcutt
(>= 2.2), ordinal, plm, plyr, poLCA, psych, quantreg, rgeos,
rmarkdown, robust, rsample, rstan, rstanarm, sp, speedglm,
statnet.common, survey, survival, testthat, tseries, xergm, zoo",NA,"MIT + file LICENSE",NA,NA,NA,NA,"no","3.5.3"
"callr","callr","C:/Program Files/R/R-3.5.3/library","3.4.1",NA,NA,"processx (>= 3.4.0), R6, utils",NA,"cliapp, covr, crayon, fansi, pingr, ps, rprojroot, spelling,
testthat, tibble, withr",NA,"MIT + file LICENSE",NA,NA,NA,NA,"no","3.5.3"
"car","car","C:/Program Files/R/R-3.5.3/library","3.0-6",NA,"R (>= 3.5.0), carData (>= 3.0-0)","abind, MASS, mgcv, nnet, pbkrtest (>= 0.4-4), quantreg,
grDevices, utils, stats, graphics, maptools, rio, lme4, nlme",NA,"alr4, boot, coxme, leaps, lmtest, Matrix, MatrixModels, rgl
(>= 0.93.960), sandwich, SparseM, survival, survey",NA,"GPL (>= 2)",NA,NA,NA,NA,"no","3.5.3"
"carData","carData","C:/Program Files/R/R-3.5.3/library","3.0-3",NA,"R (>= 3.0)",NA,NA,NA,NA,"GPL (>= 2)",NA,NA,NA,NA,"no","3.5.3"
"cellranger","cellranger","C:/Program Files/R/R-3.5.3/library","1.1.0",NA,"R (>= 3.0.0)","rematch, tibble",NA,"covr, testthat (>= 1.0.0), knitr, rmarkdown",NA,"MIT + file LICENSE",NA,NA,NA,NA,"no","3.5.3"
"checkmate","checkmate","C:/Program Files/R/R-3.5.3/library","1.9.4",NA,"R (>= 3.0.0)","backports (>= 1.1.0), utils",NA,"R6, bit, fastmatch, data.table (>= 1.9.8), devtools, ggplot2,
knitr, magrittr, microbenchmark, rmarkdown, testthat (>=
0.11.0), tibble",NA,"BSD_3_clause + file LICENSE",NA,NA,NA,NA,"yes","3.5.3"
"class","class","C:/Program Files/R/R-3.5.3/library","7.3-15","recommended","R (>= 3.0.0), stats, utils","MASS",NA,NA,NA,"GPL-2 | GPL-3",NA,NA,NA,NA,"yes","3.5.3"
"classInt","classInt","C:/Program Files/R/R-3.5.3/library","0.4-2",NA,"R (>= 2.2)","grDevices, stats, graphics, e1071, class, KernSmooth",NA,"spData (>= 0.2.6.2), units",NA,"GPL (>= 2)",NA,NA,NA,NA,"yes","3.5.3"
"cli","cli","C:/Program Files/R/R-3.5.3/library","2.0.1",NA,"R (>= 2.10)","assertthat, crayon (>= 1.3.4), glue, methods, utils, fansi",NA,"callr, covr, htmlwidgets, knitr, mockery, rmarkdown,
rstudioapi, prettycode (>= 1.1.0), testthat, withr",NA,"MIT + file LICENSE",NA,NA,NA,NA,"no","3.5.3"
"clipr","clipr","C:/Program Files/R/R-3.5.3/library","0.7.0",NA,NA,"utils",NA,"covr, knitr, rmarkdown, rstudioapi (>= 0.5), testthat (>=
2.0.0)",NA,"GPL-3",NA,NA,NA,NA,"no","3.5.3"
"cluster","cluster","C:/Program Files/R/R-3.5.3/library","2.1.0","recommended","R (>= 3.3.0)","graphics, grDevices, stats, utils",NA,"MASS, Matrix",NA,"GPL (>= 2)",NA,NA,NA,NA,"yes","3.5.3"
"codetools","codetools","C:/Program Files/R/R-3.5.3/library","0.2-16","recommended","R (>= 2.1)",NA,NA,NA,NA,"GPL",NA,NA,NA,NA,"no","3.5.3"
"colorspace","colorspace","C:/Program Files/R/R-3.5.3/library","1.4-1",NA,"R (>= 3.0.0), methods","graphics, grDevices, stats",NA,"datasets, utils, KernSmooth, MASS, kernlab, mvtnorm, vcd,
tcltk, shiny, shinyjs, ggplot2, dplyr, scales, grid, png, jpeg,
knitr, rmarkdown, RColorBrewer, rcartocolor, scico, viridis,
wesanderson",NA,"BSD_3_clause + file LICENSE",NA,NA,NA,NA,"yes","3.5.3"
"compiler","compiler","C:/Program Files/R/R-3.5.3/library","3.5.3","base",NA,NA,NA,NA,NA,"Part of R 3.5.3",NA,NA,NA,NA,NA,"3.5.3"
"cowplot","cowplot","C:/Program Files/R/R-3.5.3/library","1.0.0",NA,"R (>= 3.5.0)","ggplot2 (> 2.2.1), grid, gtable, grDevices, methods, rlang,
scales, utils",NA,"Cairo, covr, dplyr, forcats, gridGraphics (>= 0.4-0), knitr,
lattice, magick, maps, PASWR, rmarkdown, testthat (>= 1.0.0),
tidyr, vdiffr (>= 0.3.0), VennDiagram",NA,"GPL-2",NA,NA,NA,NA,"no","3.5.3"
"crayon","crayon","C:/Program Files/R/R-3.5.3/library","1.3.4",NA,NA,"grDevices, methods, utils",NA,"mockery, rstudioapi, testthat, withr",NA,"MIT + file LICENSE",NA,NA,NA,NA,"no","3.5.3"
"curl","curl","C:/Program Files/R/R-3.5.3/library","4.3",NA,"R (>= 3.0.0)",NA,NA,"spelling, testthat (>= 1.0.0), knitr, jsonlite, rmarkdown,
magrittr, httpuv (>= 1.4.4), webutils",NA,"MIT + file LICENSE",NA,NA,NA,NA,"yes","3.5.3"
"data.table","data.table","C:/Program Files/R/R-3.5.3/library","1.12.8",NA,"R (>= 3.1.0)","methods",NA,"bit64, curl, R.utils, knitr, xts, nanotime, zoo, yaml",NA,"MPL-2.0 | file LICENSE",NA,NA,NA,NA,"yes","3.5.3"
"datasets","datasets","C:/Program Files/R/R-3.5.3/library","3.5.3","base",NA,NA,NA,NA,NA,"Part of R 3.5.3",NA,NA,NA,NA,NA,"3.5.3"
"DBI","DBI","C:/Program Files/R/R-3.5.3/library","1.1.0",NA,"methods, R (>= 3.0.0)",NA,NA,"blob, covr, hms, knitr, magrittr, rmarkdown, rprojroot,
RSQLite (>= 1.1-2), testthat, xml2",NA,"LGPL (>= 2.1)",NA,NA,NA,NA,"no","3.5.3"
"dendextend","dendextend","C:/Program Files/R/R-3.5.3/library","1.13.2",NA,"R (>= 3.0.0)","utils, stats, datasets, magrittr (>= 1.0.1), ggplot2, viridis",NA,"knitr, rmarkdown, testthat, seriation, colorspace, ape,
profdpm, microbenchmark, gplots, heatmaply, d3heatmap,
dynamicTreeCut, pvclust, corrplot, DendSer, MASS, cluster, fpc,
circlize (>= 0.2.5), covr","ggdendro, dendroextras, Hmisc, data.table, rpart","GPL-2 | GPL-3",NA,NA,NA,NA,"no","3.5.3"
"DEoptimR","DEoptimR","C:/Program Files/R/R-3.5.3/library","1.0-8",NA,NA,"stats",NA,NA,"robustbase","GPL (>= 2)",NA,NA,NA,NA,"no","3.5.2"
"desc","desc","C:/Program Files/R/R-3.5.3/library","1.2.0",NA,"R (>= 3.1.0)","assertthat, utils, R6, crayon, rprojroot",NA,"covr, testthat, whoami, withr",NA,"MIT + file LICENSE",NA,NA,NA,NA,"no","3.5.3"
"DescTools","DescTools","C:/Program Files/R/R-3.5.3/library","0.99.30",NA,"base, stats, R (>= 3.5.0)","graphics, grDevices, methods, MASS, utils, boot, mvtnorm,
expm, Rcpp (>= 0.12.10)","Rcpp, BH","RDCOMClient, tcltk",NA,"GPL (>= 2)",NA,NA,NA,NA,"yes","3.5.3"
"digest","digest","C:/Program Files/R/R-3.5.3/library","0.6.23",NA,"R (>= 3.1.0)","utils",NA,"tinytest, knitr, rmarkdown",NA,"GPL (>= 2)",NA,NA,NA,NA,"yes","3.5.3"
"diptest","diptest","C:/Program Files/R/R-3.5.3/library","0.75-7",NA,NA,NA,NA,NA,NA,"GPL (>= 2)",NA,NA,NA,NA,"yes","3.5.2"
"dplyr","dplyr","C:/Program Files/R/R-3.5.3/library","0.8.4",NA,"R (>= 3.2.0)","ellipsis, assertthat (>= 0.2.0), glue (>= 1.3.0), magrittr (>=
1.5), methods, pkgconfig, R6, Rcpp (>= 1.0.1), rlang (>=
0.4.0), tibble (>= 2.0.0), tidyselect (>= 0.2.5), utils","BH, plogr (>= 0.2.0), Rcpp (>= 1.0.1)","bit64, callr, covr, crayon (>= 1.3.4), DBI, dbplyr, dtplyr,
ggplot2, hms, knitr, Lahman, lubridate, MASS, mgcv,
microbenchmark, nycflights13, rmarkdown, RMySQL, RPostgreSQL,
RSQLite, testthat, withr, broom, purrr, readr",NA,"MIT + file LICENSE",NA,NA,NA,NA,"yes","3.5.3"
"e1071","e1071","C:/Program Files/R/R-3.5.3/library","1.7-3",NA,NA,"graphics, grDevices, class, stats, methods, utils",NA,"cluster, mlbench, nnet, randomForest, rpart, SparseM, xtable,
Matrix, MASS, slam",NA,"GPL-2 | GPL-3",NA,NA,NA,NA,"yes","3.5.3"
"ellipse","ellipse","C:/Program Files/R/R-3.5.3/library","0.4.1",NA,"R (>= 2.0.0),graphics,stats",NA,NA,"MASS",NA,"GPL (>= 2)",NA,NA,NA,NA,"no","3.5.3"
"ellipsis","ellipsis","C:/Program Files/R/R-3.5.3/library","0.3.0",NA,"R (>= 3.2)","rlang (>= 0.3.0)",NA,"covr, testthat",NA,"GPL-3",NA,NA,NA,NA,"yes","3.5.3"
"evaluate","evaluate","C:/Program Files/R/R-3.5.3/library","0.14",NA,"R (>= 3.0.2)","methods",NA,"testthat, lattice, ggplot2",NA,"MIT + file LICENSE",NA,NA,NA,NA,"no","3.5.3"
"expm","expm","C:/Program Files/R/R-3.5.3/library","0.999-4",NA,"Matrix","methods",NA,"RColorBrewer, sfsmisc, Rmpfr",NA,"GPL (>= 2)",NA,NA,NA,NA,"yes","3.5.3"
"factoextra","factoextra","C:/Program Files/R/R-3.5.3/library","1.0.6",NA,"R (>= 3.1.2), ggplot2 (>= 2.2.0)","abind, cluster, dendextend, FactoMineR, ggpubr(>= 0.1.5),
grid, stats, reshape2, ggrepel, tidyr",NA,"ade4, ca, igraph, MASS, knitr, mclust",NA,"GPL-2",NA,NA,NA,NA,"no","3.5.3"
"FactoMineR","FactoMineR","C:/Program Files/R/R-3.5.3/library","2.1",NA,"R (>= 3.5.0)","car,cluster,ellipse,flashClust,graphics,grDevices,lattice,leaps,MASS,scatterplot3d,stats,utils,ggplot2,ggrepel",NA,"missMDA,knitr,Factoshiny",NA,"GPL (>= 2)",NA,NA,NA,NA,"no","3.5.3"
"fansi","fansi","C:/Program Files/R/R-3.5.3/library","0.4.1",NA,"R (>= 3.1.0)",NA,NA,"unitizer, knitr, rmarkdown",NA,"GPL (>= 2)",NA,NA,NA,NA,"yes","3.5.3"
"farver","farver","C:/Program Files/R/R-3.5.3/library","2.0.3",NA,NA,NA,NA,"testthat (>= 2.1.0), covr",NA,"MIT + file LICENSE",NA,NA,NA,NA,"yes","3.5.3"
"fastmap","fastmap","C:/Program Files/R/R-3.5.3/library","1.0.1",NA,NA,NA,NA,"testthat (>= 2.1.1)",NA,"MIT + file LICENSE",NA,NA,NA,NA,"yes","3.5.3"
"flashClust","flashClust","C:/Program Files/R/R-3.5.3/library","1.01-2",NA,"R (>= 2.3.0)",NA,NA,NA,NA,"GPL (>= 2)",NA,NA,NA,NA,NA,"3.5.2"
"flexmix","flexmix","C:/Program Files/R/R-3.5.3/library","2.3-15",NA,"R (>= 2.15.0), lattice","graphics, grid, grDevices, methods, modeltools (>= 0.2-16),
nnet, stats, stats4, utils",NA,"actuar, codetools, diptest, Ecdat, ellipse, gclus, glmnet,
lme4 (>= 1.1), MASS, mgcv (>= 1.8-0), mlbench, multcomp,
mvtnorm, SuppDists, survival",NA,"GPL (>= 2)",NA,NA,NA,NA,"no","3.5.3"
"forcats","forcats","C:/Program Files/R/R-3.5.3/library","0.4.0",NA,"R (>= 3.1)","ellipsis, magrittr, rlang, tibble",NA,"covr, ggplot2, testthat, readr, knitr, rmarkdown, dplyr",NA,"GPL-3",NA,NA,NA,NA,"no","3.5.3"
"foreign","foreign","C:/Program Files/R/R-3.5.3/library","0.8-75","recommended","R (>= 3.0.0)","methods, utils, stats",NA,NA,NA,"GPL (>= 2)",NA,NA,NA,NA,"yes","3.5.3"
"Formula","Formula","C:/Program Files/R/R-3.5.3/library","1.2-3",NA,"R (>= 2.0.0), stats",NA,NA,NA,NA,"GPL-2 | GPL-3",NA,NA,NA,NA,"no","3.5.2"
"fpc","fpc","C:/Program Files/R/R-3.5.3/library","2.2-4",NA,"R (>= 2.0)","MASS, cluster, mclust, flexmix, prabclus, class, diptest,
robustbase, kernlab, grDevices, graphics, methods, stats,
utils, parallel",NA,"tclust, pdfCluster, EMMIXskew, mvtnorm",NA,"GPL",NA,NA,NA,NA,"no","3.5.3"
"fs","fs","C:/Program Files/R/R-3.5.3/library","1.4.1",NA,"R (>= 3.1)","methods",NA,"testthat, covr, pillar (>= 1.0.0), tibble (>= 1.1.0), crayon,
rmarkdown, knitr, withr, spelling",NA,"GPL-3",NA,NA,NA,NA,"yes","3.5.3"
"gdata","gdata","C:/Program Files/R/R-3.5.3/library","2.18.0",NA,"R (>= 2.3.0)","gtools, stats, methods, utils",NA,"RUnit",NA,"GPL-2",NA,NA,NA,NA,"no","3.5.2"
"generics","generics","C:/Program Files/R/R-3.5.3/library","0.0.2",NA,"R (>= 3.1)","methods",NA,"covr, pkgload, testthat, tibble",NA,"GPL-2",NA,NA,NA,NA,"no","3.5.3"
"ggplot2","ggplot2","C:/Program Files/R/R-3.5.3/library","3.2.1",NA,"R (>= 3.2)","digest, grDevices, grid, gtable (>= 0.1.1), lazyeval, MASS,
mgcv, reshape2, rlang (>= 0.3.0), scales (>= 0.5.0), stats,
tibble, viridisLite, withr (>= 2.0.0)",NA,"covr, dplyr, ggplot2movies, hexbin, Hmisc, knitr, lattice,
mapproj, maps, maptools, multcomp, munsell, nlme, profvis,
quantreg, rgeos, rmarkdown, rpart, sf (>= 0.7-3), svglite (>=
1.2.0.9001), testthat (>= 0.11.0), vdiffr (>= 0.3.0)","sp","GPL-2 | file LICENSE",NA,NA,NA,NA,"no","3.5.3"
"ggpubr","ggpubr","C:/Program Files/R/R-3.5.3/library","0.2.4",NA,"R (>= 3.1.0), ggplot2, magrittr","ggrepel, grid, ggsci, stats, utils, tidyr, purrr, dplyr (>=
0.7.1), cowplot, ggsignif, scales, gridExtra, glue, polynom,
rlang",NA,"grDevices, knitr, RColorBrewer, gtable",NA,"GPL-2",NA,NA,NA,NA,"no","3.5.3"
"ggrepel","ggrepel","C:/Program Files/R/R-3.5.3/library","0.8.1",NA,"R (>= 3.0.0), ggplot2 (>= 2.2.0)","grid, Rcpp, scales (>= 0.3.0)","Rcpp","knitr, rmarkdown, testthat, gridExtra, devtools, prettydoc",NA,"GPL-3 | file LICENSE",NA,NA,NA,NA,"yes","3.5.3"
"ggsci","ggsci","C:/Program Files/R/R-3.5.3/library","2.9",NA,"R (>= 3.0.2)","grDevices, scales, ggplot2 (>= 2.0.0)",NA,"knitr, rmarkdown, gridExtra, reshape2",NA,"GPL-3 | file LICENSE",NA,NA,NA,NA,"no","3.5.3"
"ggsignif","ggsignif","C:/Program Files/R/R-3.5.3/library","0.6.0",NA,NA,"ggplot2 (>= 2.0.0)",NA,"testthat, knitr, rmarkdown",NA,"GPL-3",NA,NA,NA,NA,"no","3.5.3"
"glue","glue","C:/Program Files/R/R-3.5.3/library","1.3.1",NA,"R (>= 3.1)","methods",NA,"testthat, covr, magrittr, crayon, knitr, rmarkdown, DBI,
RSQLite, R.utils, forcats, microbenchmark, rprintf, stringr,
ggplot2, dplyr, withr",NA,"MIT + file LICENSE",NA,NA,NA,NA,"yes","3.5.3"
"gmodels","gmodels","C:/Program Files/R/R-3.5.3/library","2.18.1",NA,"R (>= 1.9.0)","MASS, gdata",NA,"gplots, gtools, Matrix, nlme, lme4 (>= 0.999999-0)",NA,"GPL-2",NA,NA,NA,NA,"no","3.5.3"
"graphics","graphics","C:/Program Files/R/R-3.5.3/library","3.5.3","base",NA,"grDevices",NA,NA,NA,"Part of R 3.5.3",NA,NA,NA,NA,"yes","3.5.3"
"grDevices","grDevices","C:/Program Files/R/R-3.5.3/library","3.5.3","base",NA,NA,NA,"KernSmooth",NA,"Part of R 3.5.3",NA,NA,NA,NA,"yes","3.5.3"
"grid","grid","C:/Program Files/R/R-3.5.3/library","3.5.3","base",NA,"grDevices, utils",NA,"lattice",NA,"Part of R 3.5.3",NA,NA,NA,NA,"yes","3.5.3"
"gridExtra","gridExtra","C:/Program Files/R/R-3.5.3/library","2.3",NA,NA,"gtable, grid, grDevices, graphics, utils",NA,"ggplot2, egg, lattice, knitr, testthat",NA,"GPL (>= 2)",NA,NA,NA,NA,"no","3.5.3"
"gtable","gtable","C:/Program Files/R/R-3.5.3/library","0.3.0",NA,"R (>= 3.0)","grid",NA,"covr, testthat, knitr, rmarkdown, ggplot2, profvis",NA,"GPL-2",NA,NA,NA,NA,"no","3.5.3"
"gtools","gtools","C:/Program Files/R/R-3.5.3/library","3.8.1",NA,"methods, stats, utils",NA,NA,NA,NA,"GPL-2",NA,NA,NA,NA,"yes","3.5.2"
"haven","haven","C:/Program Files/R/R-3.5.3/library","2.2.0",NA,"R (>= 3.2)","forcats (>= 0.2.0), hms, Rcpp (>= 0.11.4), readr (>= 0.1.0),
rlang (>= 0.4.0), tibble, tidyselect","Rcpp","covr, fs, knitr, rmarkdown, testthat, pillar (>= 1.4.0), cli,
crayon",NA,"MIT + file LICENSE",NA,NA,NA,NA,"yes","3.5.3"
"highr","highr","C:/Program Files/R/R-3.5.3/library","0.8",NA,"R (>= 3.2.3)",NA,NA,"knitr, testit",NA,"GPL",NA,NA,NA,NA,"no","3.5.3"
"Hmisc","Hmisc","C:/Program Files/R/R-3.5.3/library","4.3-0",NA,"lattice, survival (>= 2.40-1), Formula, ggplot2 (>= 2.2)","methods, latticeExtra, cluster, rpart, nnet, acepack, foreign,
gtable, grid, gridExtra, data.table, htmlTable (>= 1.11.0),
viridis, htmltools, base64enc",NA,"chron, rms, mice, tables, knitr, ff, ffbase, plotly (>=
4.5.6), rlang",NA,"GPL (>= 2)",NA,NA,NA,NA,"yes","3.5.3"
"hms","hms","C:/Program Files/R/R-3.5.3/library","0.5.3",NA,NA,"methods, pkgconfig, rlang, vctrs (>= 0.2.1)",NA,"crayon, lubridate, pillar (>= 1.1.0), testthat",NA,"GPL-3",NA,NA,NA,NA,"no","3.5.3"
"htmlTable","htmlTable","C:/Program Files/R/R-3.5.3/library","1.13.3",NA,NA,"stringr, knitr (>= 1.6), magrittr (>= 1.5), methods,
checkmate, htmlwidgets, htmltools, rstudioapi (>= 0.6)",NA,"testthat, XML, xtable, ztable, Hmisc, reshape, rmarkdown,
pander, chron, lubridate, tibble, tidyr (>= 0.7.2), dplyr (>=
0.7.4)",NA,"GPL (>= 3)",NA,NA,NA,NA,"no","3.5.3"
"htmltools","htmltools","C:/Program Files/R/R-3.5.3/library","0.4.0",NA,"R (>= 2.14.1)","utils, digest, Rcpp, rlang","Rcpp","markdown, testthat, withr","knitr","GPL (>= 2)",NA,NA,NA,NA,"yes","3.5.3"
"htmlwidgets","htmlwidgets","C:/Program Files/R/R-3.5.3/library","1.5.1",NA,NA,"grDevices, htmltools (>= 0.3), jsonlite (>= 0.9.16), yaml",NA,"knitr (>= 1.8)","shiny (>= 1.1)","MIT + file LICENSE",NA,NA,NA,NA,"no","3.5.3"
"httpuv","httpuv","C:/Program Files/R/R-3.5.3/library","1.5.2",NA,"R (>= 2.15.1)","Rcpp (>= 0.11.0), utils, R6, promises, later (>= 0.8.0)","Rcpp, BH, later","testthat, callr, curl, websocket",NA,"GPL (>= 2) | file LICENSE",NA,NA,NA,NA,"yes","3.5.3"
"httr","httr","C:/Program Files/R/R-3.5.3/library","1.4.1",NA,"R (>= 3.2)","curl (>= 3.0.0), jsonlite, mime, openssl (>= 0.8), R6",NA,"covr, httpuv, jpeg, knitr, png, readr, rmarkdown, testthat
(>= 0.8.0), xml2",NA,"MIT + file LICENSE",NA,NA,NA,NA,"no","3.5.3"
"jomo","jomo","C:/Program Files/R/R-3.5.3/library","2.6-10",NA,NA,"stats, lme4, survival, MASS, ordinal",NA,"mitml",NA,"GPL-2",NA,NA,NA,NA,"yes","3.5.3"
"jsonlite","jsonlite","C:/Program Files/R/R-3.5.3/library","1.6.1",NA,"methods",NA,NA,"httr, curl, plyr, testthat, knitr, rmarkdown, R.rsp, sp",NA,"MIT + file LICENSE",NA,NA,NA,NA,"yes","3.5.3"
"kernlab","kernlab","C:/Program Files/R/R-3.5.3/library","0.9-29",NA,"R (>= 2.10)","methods, stats, grDevices, graphics",NA,NA,NA,"GPL-2",NA,NA,NA,NA,"yes","3.5.3"
"KernSmooth","KernSmooth","C:/Program Files/R/R-3.5.3/library","2.23-16","recommended","R (>= 2.5.0), stats",NA,NA,"MASS",NA,"Unlimited",NA,NA,NA,NA,"yes","3.5.3"
"knitr","knitr","C:/Program Files/R/R-3.5.3/library","1.27",NA,"R (>= 3.2.3)","evaluate (>= 0.10), highr, markdown, stringr (>= 0.6), yaml
(>= 2.1.19), methods, xfun, tools",NA,"formatR, testit, digest, rgl (>= 0.95.1201), codetools,
rmarkdown, htmlwidgets (>= 0.7), webshot, tikzDevice (>= 0.10),
tinytex, reticulate (>= 1.4), JuliaCall (>= 0.11.1), magick,
png, jpeg, gifski, xml2 (>= 1.2.0), httr, DBI (>= 0.4-1),
showtext, tibble, sass, styler (>= 1.2.0)",NA,"GPL",NA,NA,NA,NA,"no","3.5.3"
"labeling","labeling","C:/Program Files/R/R-3.5.3/library","0.3",NA,NA,NA,NA,NA,NA,"MIT + file LICENSE | Unlimited",NA,NA,NA,NA,"no","3.5.2"
"labelled","labelled","C:/Program Files/R/R-3.5.3/library","2.2.2",NA,NA,"haven (>= 2.1.0), dplyr, stats",NA,"testthat, knitr, rmarkdown, questionr, snakecase","memisc","GPL-3",NA,NA,NA,NA,"no","3.5.3"
"later","later","C:/Program Files/R/R-3.5.3/library","1.0.0",NA,NA,"Rcpp (>= 0.12.9), rlang","Rcpp, BH","knitr, rmarkdown, testthat",NA,"GPL (>= 2)",NA,NA,NA,NA,"yes","3.5.3"
"lattice","lattice","C:/Program Files/R/R-3.5.3/library","0.20-38","recommended","R (>= 3.0.0)","grid, grDevices, graphics, stats, utils",NA,"KernSmooth, MASS, latticeExtra","chron","GPL (>= 2)",NA,NA,NA,NA,"yes","3.5.3"
"latticeExtra","latticeExtra","C:/Program Files/R/R-3.5.3/library","0.6-28",NA,"R (>= 2.10.0), lattice, RColorBrewer","grid, stats, utils, grDevices",NA,"maps, mapproj, deldir, tripack, zoo, MASS, quantreg, mgcv",NA,"GPL (>= 2)",NA,NA,NA,NA,"no","3.5.3"
"lazyeval","lazyeval","C:/Program Files/R/R-3.5.3/library","0.2.2",NA,"R (>= 3.1.0)",NA,NA,"knitr, rmarkdown (>= 0.2.65), testthat, covr",NA,"GPL-3",NA,NA,NA,NA,"yes","3.5.3"
"leaps","leaps","C:/Program Files/R/R-3.5.3/library","3.1",NA,"",NA,NA,"biglm",NA,"GPL (>= 2)",NA,NA,NA,NA,"yes","3.5.3"
"lifecycle","lifecycle","C:/Program Files/R/R-3.5.3/library","0.1.0",NA,"R (>= 3.2)","glue, rlang (>= 0.4.0)",NA,"covr, crayon, knitr, rmarkdown, testthat (>= 2.1.0)",NA,"GPL-3",NA,NA,NA,NA,"no","3.5.3"
"lme4","lme4","C:/Program Files/R/R-3.5.3/library","1.1-21",NA,"R (>= 3.2.0), Matrix (>= 1.2-1), methods, stats","graphics, grid, splines, utils, parallel, MASS, lattice, boot,
nlme (>= 3.1-123), minqa (>= 1.1.15), nloptr (>= 1.0.4)","Rcpp (>= 0.10.5), RcppEigen","knitr, rmarkdown, PKPDmodels, MEMSS, testthat (>= 0.8.1),
ggplot2, mlmRev, optimx (>= 2013.8.6), gamm4, pbkrtest, HSAUR2,
numDeriv, car, dfoptim",NA,"GPL (>= 2)",NA,NA,NA,NA,"yes","3.5.3"
"lmtest","lmtest","C:/Program Files/R/R-3.5.3/library","0.9-37",NA,"R (>= 3.0.0), stats, zoo","graphics",NA,"car, strucchange, sandwich, dynlm, stats4, survival, AER",NA,"GPL-2 | GPL-3",NA,NA,NA,NA,"yes","3.5.3"
"lubridate","lubridate","C:/Program Files/R/R-3.5.3/library","1.7.8",NA,"methods, R (>= 3.2)","generics, Rcpp (>= 0.12.13)","Rcpp","covr, knitr, testthat","chron, timeDate, tis, zoo","GPL (>= 2)",NA,NA,NA,NA,"yes","3.5.3"
"magrittr","magrittr","C:/Program Files/R/R-3.5.3/library","1.5",NA,NA,NA,NA,"testthat, knitr",NA,"MIT + file LICENSE",NA,NA,NA,NA,"no","3.5.3"
"maptools","maptools","C:/Program Files/R/R-3.5.3/library","0.9-9",NA,"R (>= 2.10), sp (>= 1.0-11)","foreign (>= 0.8), methods, grid, lattice, stats, utils,
grDevices",NA,"rgeos (>= 0.1-8), spatstat (>= 1.60), PBSmapping, maps,
RColorBrewer, raster, polyclip, spatstat.utils","gpclib, RArcInfo","GPL (>= 2)",NA,NA,NA,NA,"yes","3.5.3"
"markdown","markdown","C:/Program Files/R/R-3.5.3/library","1.1",NA,"R (>= 2.11.1)","utils, xfun, mime (>= 0.3)",NA,"knitr, RCurl",NA,"GPL-2",NA,NA,NA,NA,"yes","3.5.3"
"MASS","MASS","C:/Program Files/R/R-3.5.3/library","7.3-51.5","recommended","R (>= 3.1.0), grDevices, graphics, stats, utils","methods",NA,"lattice, nlme, nnet, survival",NA,"GPL-2 | GPL-3",NA,NA,NA,NA,"yes","3.5.3"
"Matrix","Matrix","C:/Program Files/R/R-3.5.3/library","1.2-18","recommended","R (>= 3.2.0)","methods, graphics, grid, stats, utils, lattice",NA,"expm, MASS","MatrixModels, graph, SparseM, sfsmisc","GPL (>= 2) | file LICENCE",NA,NA,NA,NA,"yes","3.5.3"
"MatrixModels","MatrixModels","C:/Program Files/R/R-3.5.3/library","0.4-1",NA,"R (>= 3.0.1)","stats, methods, Matrix (>= 1.1-5)",NA,NA,NA,"GPL (>= 2)",NA,NA,NA,NA,"no","3.5.3"
"mclust","mclust","C:/Program Files/R/R-3.5.3/library","5.4.5",NA,"R (>= 3.0)","stats, utils, graphics, grDevices",NA,"knitr (>= 1.12), rmarkdown (>= 0.9), mix (>= 1.0), geometry
(>= 0.3-6), MASS",NA,"GPL (>= 2)",NA,NA,NA,NA,"yes","3.5.3"
"methods","methods","C:/Program Files/R/R-3.5.3/library","3.5.3","base",NA,"utils, stats",NA,"codetools",NA,"Part of R 3.5.3",NA,NA,NA,NA,"yes","3.5.3"
"mgcv","mgcv","C:/Program Files/R/R-3.5.3/library","1.8-31","recommended","R (>= 2.14.0), nlme (>= 3.1-64)","methods, stats, graphics, Matrix, splines, utils",NA,"parallel, survival, MASS",NA,"GPL (>= 2)",NA,NA,NA,NA,"yes","3.5.3"
"mice","mice","C:/Program Files/R/R-3.5.3/library","3.7.0",NA,"methods, R (>= 2.10.0), lattice","broom, dplyr, grDevices, graphics, MASS, mitml, nnet,
parallel, Rcpp, rlang, rpart, splines, stats, survival, utils","Rcpp","AGD, gamlss, lme4, mitools, nlme, pan, randomForest, Zelig,
BSDA, knitr, rmarkdown, testthat, HSAUR3, micemd, miceadds,
tidyr",NA,"GPL-2 | GPL-3",NA,NA,NA,NA,"yes","3.5.3"
"mime","mime","C:/Program Files/R/R-3.5.3/library","0.8",NA,NA,"tools",NA,NA,NA,"GPL",NA,NA,NA,NA,"yes","3.5.3"
"miniUI","miniUI","C:/Program Files/R/R-3.5.3/library","0.1.1.1",NA,NA,"shiny (>= 0.13), htmltools (>= 0.3), utils",NA,NA,NA,"GPL-3",NA,NA,NA,NA,"no","3.5.3"
"minqa","minqa","C:/Program Files/R/R-3.5.3/library","1.2.4",NA,NA,"Rcpp (>= 0.9.10)","Rcpp",NA,NA,"GPL-2",NA,NA,NA,NA,"yes","3.5.3"
"mitml","mitml","C:/Program Files/R/R-3.5.3/library","0.3-7",NA,NA,"pan, jomo, haven, grDevices, graphics, stats, utils",NA,"mice, miceadds, Amelia, lme4, nlme, geepack, survival, knitr,
rmarkdown",NA,"GPL (>= 2)",NA,NA,NA,NA,"no","3.5.3"
"modelr","modelr","C:/Program Files/R/R-3.5.3/library","0.1.8",NA,"R (>= 3.2)","broom, magrittr, purrr (>= 0.2.2), rlang (>= 0.2.0), tibble,
tidyr (>= 0.8.0), tidyselect, vctrs",NA,"compiler, covr, ggplot2, testthat",NA,"GPL-3",NA,NA,NA,NA,"no","3.5.3"
"modeltools","modeltools","C:/Program Files/R/R-3.5.3/library","0.2-22",NA,"stats, stats4","methods",NA,NA,NA,"GPL-2",NA,NA,NA,NA,"no","3.5.2"
"munsell","munsell","C:/Program Files/R/R-3.5.3/library","0.5.0",NA,NA,"colorspace, methods",NA,"ggplot2, testthat",NA,"MIT + file LICENSE",NA,NA,NA,NA,"no","3.5.3"
"mvtnorm","mvtnorm","C:/Program Files/R/R-3.5.3/library","1.0-12",NA,"R(>= 3.5.0)","stats, methods",NA,NA,NA,"GPL-2",NA,NA,NA,NA,"yes","3.5.3"
"NbClust","NbClust","C:/Program Files/R/R-3.5.3/library","3.0",NA,"R (>= 3.1.0)",NA,NA,NA,NA,"GPL-2",NA,NA,NA,NA,"no","3.5.2"
"nlme","nlme","C:/Program Files/R/R-3.5.3/library","3.1-137","recommended","R (>= 3.4.0)","graphics, stats, utils, lattice",NA,"Hmisc, MASS",NA,"GPL (>= 2) | file LICENCE",NA,NA,NA,NA,"yes","3.5.3"
"nloptr","nloptr","C:/Program Files/R/R-3.5.3/library","1.2.1",NA,NA,NA,NA,"testthat (>= 0.8.1), knitr, rmarkdown, inline (>= 0.3.14)",NA,"LGPL-3",NA,NA,NA,NA,"yes","3.5.3"
"nnet","nnet","C:/Program Files/R/R-3.5.3/library","7.3-12","recommended","R (>= 2.14.0), stats, utils",NA,NA,"MASS",NA,"GPL-2 | GPL-3",NA,NA,NA,NA,"yes","3.5.3"
"numDeriv","numDeriv","C:/Program Files/R/R-3.5.3/library","2016.8-1.1",NA,"R (>= 2.11.1)",NA,NA,NA,NA,"GPL-2",NA,NA,NA,NA,"no","3.5.3"
"openssl","openssl","C:/Program Files/R/R-3.5.3/library","1.4.1",NA,NA,"askpass",NA,"testthat, digest, knitr, rmarkdown, jsonlite, jose, sodium",NA,"MIT + file LICENSE",NA,NA,NA,NA,"yes","3.5.3"
"openxlsx","openxlsx","C:/Program Files/R/R-3.5.3/library","4.1.4",NA,"R (>= 3.3.0)","grDevices, methods, Rcpp, stats, utils, zip, stringi","Rcpp","knitr, testthat, roxygen2",NA,"MIT + file LICENSE",NA,NA,NA,NA,"yes","3.5.3"
"ordinal","ordinal","C:/Program Files/R/R-3.5.3/library","2019.12-10",NA,"R (>= 2.13.0), stats, methods","ucminf, MASS, Matrix, numDeriv",NA,"lme4, nnet, xtable, testthat (>= 0.8), tools",NA,"GPL (>= 2)",NA,NA,NA,NA,"yes","3.5.3"
"pan","pan","C:/Program Files/R/R-3.5.3/library","1.6",NA,NA,NA,NA,"mitools, lme4",NA,"GPL-3",NA,"no",NA,NA,"yes","3.5.3"
"parallel","parallel","C:/Program Files/R/R-3.5.3/library","3.5.3","base",NA,"tools, compiler",NA,"methods","snow, nws, Rmpi","Part of R 3.5.3",NA,NA,NA,NA,"yes","3.5.3"
"pbkrtest","pbkrtest","C:/Program Files/R/R-3.5.3/library","0.4-7",NA,"R (>= 3.2.3), lme4 (>= 1.1.10)","Matrix (>= 1.2.3), parallel, MASS, methods",NA,NA,NA,"GPL (>= 2)",NA,NA,NA,NA,"no","3.5.3"
"pillar","pillar","C:/Program Files/R/R-3.5.3/library","1.4.3",NA,NA,"cli, crayon (>= 1.3.4), fansi, rlang (>= 0.3.0), utf8 (>=
1.1.0), vctrs (>= 0.2.0)",NA,"knitr, lubridate, testthat (>= 2.0.0), withr",NA,"GPL-3",NA,NA,NA,NA,"no","3.5.3"
"pkgbuild","pkgbuild","C:/Program Files/R/R-3.5.3/library","1.0.6",NA,"R (>= 3.1)","callr (>= 3.2.0), cli, crayon, desc, prettyunits, R6,
rprojroot, withr (>= 2.1.2)",NA,"Rcpp, testthat, covr",NA,"GPL-3",NA,NA,NA,NA,"no","3.5.3"
"pkgconfig","pkgconfig","C:/Program Files/R/R-3.5.3/library","2.0.3",NA,NA,"utils",NA,"covr, testthat, disposables (>= 1.0.3)",NA,"MIT + file LICENSE",NA,NA,NA,NA,"no","3.5.3"
"pkgload","pkgload","C:/Program Files/R/R-3.5.3/library","1.0.2",NA,NA,"desc, methods, pkgbuild, rlang, rprojroot, rstudioapi, utils,
withr",NA,"bitops, covr, Rcpp, testthat",NA,"GPL-3",NA,NA,NA,NA,"yes","3.5.3"
"plogr","plogr","C:/Program Files/R/R-3.5.3/library","0.2.0",NA,NA,NA,NA,"Rcpp",NA,"MIT + file LICENSE",NA,NA,NA,NA,"no","3.5.3"
"plyr","plyr","C:/Program Files/R/R-3.5.3/library","1.8.5",NA,"R (>= 3.1.0)","Rcpp (>= 0.11.0)","Rcpp","abind, covr, doParallel, foreach, iterators, itertools,
tcltk, testthat",NA,"MIT + file LICENSE",NA,NA,NA,NA,"yes","3.5.3"
"polynom","polynom","C:/Program Files/R/R-3.5.3/library","1.4-0",NA,NA,"stats, graphics",NA,"knitr, rmarkdown",NA,"GPL-2",NA,NA,NA,NA,"no","3.5.3"
"prabclus","prabclus","C:/Program Files/R/R-3.5.3/library","2.3-2",NA,"R (>= 2.10), MASS, mclust",NA,NA,"spdep, spatialreg, bootstrap, maptools, foreign, mvtnorm",NA,"GPL",NA,NA,NA,NA,"no","3.5.3"
"praise","praise","C:/Program Files/R/R-3.5.3/library","1.0.0",NA,NA,NA,NA,"testthat",NA,"MIT + file LICENSE",NA,NA,NA,NA,"no","3.5.3"
"prettyunits","prettyunits","C:/Program Files/R/R-3.5.3/library","1.1.1",NA,NA,NA,NA,"codetools, covr, testthat",NA,"MIT + file LICENSE",NA,NA,NA,NA,"no","3.5.3"
"processx","processx","C:/Program Files/R/R-3.5.3/library","3.4.1",NA,NA,"ps (>= 1.2.0), R6, utils",NA,"callr (>= 3.2.0), codetools, covr, crayon, curl, debugme,
parallel, testthat, withr",NA,"MIT + file LICENSE",NA,NA,NA,NA,"yes","3.5.3"
"progress","progress","C:/Program Files/R/R-3.5.3/library","1.2.2",NA,NA,"hms, prettyunits, R6, crayon",NA,"Rcpp, testthat, withr",NA,"MIT + file LICENSE",NA,NA,NA,NA,"no","3.5.3"
"promises","promises","C:/Program Files/R/R-3.5.3/library","1.1.0",NA,NA,"R6, Rcpp, later, rlang, stats, magrittr","later, Rcpp","testthat, future, knitr, rmarkdown",NA,"MIT + file LICENSE",NA,NA,NA,NA,"yes","3.5.3"
"proxy","proxy","C:/Program Files/R/R-3.5.3/library","0.4-23",NA,"R (>= 3.4.0)","stats, utils",NA,"cba",NA,"GPL-2",NA,NA,NA,NA,"yes","3.5.3"
"ps","ps","C:/Program Files/R/R-3.5.3/library","1.3.0",NA,"R (>= 3.1)","utils",NA,"callr, covr, curl, pingr, processx (>= 3.1.0), R6, rlang,
testthat, tibble",NA,"BSD_3_clause + file LICENSE",NA,NA,NA,NA,"yes","3.5.3"
"purrr","purrr","C:/Program Files/R/R-3.5.3/library","0.3.3",NA,"R (>= 3.2)","magrittr (>= 1.5), rlang (>= 0.3.1)",NA,"covr, crayon, dplyr (>= 0.7.8), knitr, rmarkdown, testthat,
tibble, tidyselect",NA,"GPL-3 | file LICENSE",NA,NA,NA,NA,"yes","3.5.3"
"quantreg","quantreg","C:/Program Files/R/R-3.5.3/library","5.54",NA,"R (>= 2.6), stats, SparseM","methods, graphics, Matrix, MatrixModels",NA,"tripack, akima, MASS, survival, rgl, logspline, nor1mix,
Formula, zoo, R.rsp",NA,"GPL (>= 2)",NA,NA,NA,NA,"yes","3.5.3"
"questionr","questionr","C:/Program Files/R/R-3.5.3/library","0.7.0",NA,"R (>= 2.10)","shiny (>= 1.0.5), miniUI, rstudioapi, highr, classInt,
htmltools, graphics, stats, utils, labelled (>= 2.0.0)",NA,"memisc, testthat, roxygen2, dplyr, tidyr, janitor, forcats,
knitr",NA,"GPL (>= 2)",NA,NA,NA,NA,"no","3.5.3"
"R6","R6","C:/Program Files/R/R-3.5.3/library","2.4.1",NA,"R (>= 3.0)",NA,NA,"knitr, microbenchmark, pryr, testthat, ggplot2, scales",NA,"MIT + file LICENSE",NA,NA,NA,NA,"no","3.5.3"
"RColorBrewer","RColorBrewer","C:/Program Files/R/R-3.5.3/library","1.1-2",NA,"R (>= 2.0.0)",NA,NA,NA,NA,"Apache License 2.0",NA,NA,NA,NA,"no","3.5.2"
"Rcpp","Rcpp","C:/Program Files/R/R-3.5.3/library","1.0.3",NA,"R (>= 3.0.0)","methods, utils",NA,"RUnit, inline, rbenchmark, knitr, rmarkdown, pinp, pkgKitten
(>= 0.1.2)",NA,"GPL (>= 2)",NA,NA,NA,NA,"yes","3.5.3"
"RcppEigen","RcppEigen","C:/Program Files/R/R-3.5.3/library","0.3.3.7.0",NA,"R (>= 2.15.1)","Matrix (>= 1.1-0), Rcpp (>= 0.11.0), stats, utils","Rcpp","inline, tinytest, pkgKitten, microbenchmark",NA,"GPL (>= 2) | file LICENSE",NA,NA,NA,NA,"yes","3.5.3"
"RCurl","RCurl","C:/Program Files/R/R-3.5.3/library","1.98-1.1",NA,"R (>= 3.4.0), methods","bitops",NA,"XML",NA,"BSD_3_clause + file LICENSE",NA,NA,NA,NA,"yes","3.5.3"
"readr","readr","C:/Program Files/R/R-3.5.3/library","1.3.1",NA,"R (>= 3.1)","Rcpp (>= 0.12.0.5), tibble, hms (>= 0.4.1), R6, clipr, crayon,
methods","Rcpp, BH","curl, testthat, knitr, rmarkdown, stringi, covr, spelling",NA,"GPL (>= 2) | file LICENSE",NA,NA,NA,NA,"yes","3.5.3"
"readxl","readxl","C:/Program Files/R/R-3.5.3/library","1.3.1",NA,NA,"cellranger, Rcpp (>= 0.12.18), tibble (>= 1.3.1), utils","progress, Rcpp","covr, knitr, rmarkdown, rprojroot (>= 1.1), testthat",NA,"GPL-3",NA,NA,NA,NA,"yes","3.5.3"
"rematch","rematch","C:/Program Files/R/R-3.5.3/library","1.0.1",NA,NA,NA,NA,"covr, testthat",NA,"MIT + file LICENSE",NA,NA,NA,NA,"no","3.5.3"
"reprex","reprex","C:/Program Files/R/R-3.5.3/library","0.3.0",NA,"R (>= 3.1)","callr (>= 2.0.0), clipr (>= 0.4.0), fs, rlang, rmarkdown,
utils, whisker, withr",NA,"covr, devtools, fortunes, knitr, miniUI, rprojroot,
rstudioapi, shiny, styler (>= 1.0.2), testthat (>= 2.0.0)",NA,"MIT + file LICENSE",NA,NA,NA,NA,"no","3.5.3"
"reshape2","reshape2","C:/Program Files/R/R-3.5.3/library","1.4.3",NA,"R (>= 3.1)","plyr (>= 1.8.1), Rcpp, stringr","Rcpp","covr, lattice, testthat (>= 0.8.0)",NA,"MIT + file LICENSE",NA,NA,NA,NA,"yes","3.5.3"
"rgenoud","rgenoud","C:/Program Files/R/R-3.5.3/library","5.8-3.0",NA,"R (>= 2.15), utils",NA,NA,"testthat",NA,"GPL-3",NA,NA,NA,NA,"yes","3.5.3"
"rio","rio","C:/Program Files/R/R-3.5.3/library","0.5.16",NA,"R (>= 2.15.0)","tools, stats, utils, foreign, haven (>= 1.1.0), curl (>= 0.6),
data.table (>= 1.9.8), readxl (>= 0.1.1), openxlsx, tibble",NA,"datasets, bit64, testthat, knitr, magrittr, clipr, csvy,
feather, fst, hexView, jsonlite, readODS (>= 1.6.4), readr,
rmatio, xml2 (>= 1.2.0), yaml",NA,"GPL-2",NA,NA,NA,NA,"no","3.5.3"
"rlang","rlang","C:/Program Files/R/R-3.5.3/library","0.4.4",NA,"R (>= 3.2.0)",NA,NA,"cli, covr, crayon, glue, magrittr, methods, pillar,
rmarkdown, testthat (>= 2.3.0)",NA,"GPL-3",NA,NA,NA,NA,"yes","3.5.3"
"rmarkdown","rmarkdown","C:/Program Files/R/R-3.5.3/library","2.3",NA,"R (>= 3.0)","tools, utils, knitr (>= 1.22), yaml (>= 2.1.19), htmltools (>=
0.3.5), evaluate (>= 0.13), base64enc, jsonlite, mime, tinytex
(>= 0.11), xfun, methods, stringr (>= 1.2.0)",NA,"shiny (>= 0.11), tufte, testthat, digest, dygraphs, tibble,
fs, pkgdown, rsconnect",NA,"GPL-3",NA,NA,NA,NA,"no","3.5.3"
"robustbase","robustbase","C:/Program Files/R/R-3.5.3/library","0.93-5",NA,"R (>= 3.1.0)","stats, graphics, utils, methods, DEoptimR",NA,"grid, MASS, lattice, boot, cluster, Matrix, robust,
fit.models, MPV, xtable, ggplot2, GGally, RColorBrewer,
reshape2, sfsmisc, catdata, doParallel, foreach, skewt",NA,"GPL (>= 2)",NA,NA,NA,NA,"yes","3.5.3"
"rpart","rpart","C:/Program Files/R/R-3.5.3/library","4.1-15","recommended","R (>= 2.15.0), graphics, stats, grDevices",NA,NA,"survival",NA,"GPL-2 | GPL-3",NA,NA,NA,NA,"yes","3.5.3"
"rprojroot","rprojroot","C:/Program Files/R/R-3.5.3/library","1.3-2",NA,"R (>= 3.0.0)","backports",NA,"testthat, mockr, knitr, withr, rmarkdown",NA,"GPL-3",NA,NA,NA,NA,"no","3.5.3"
"rstudioapi","rstudioapi","C:/Program Files/R/R-3.5.3/library","0.10",NA,NA,NA,NA,"testthat, knitr, rmarkdown",NA,"MIT + file LICENSE",NA,NA,NA,NA,"no","3.5.3"
"rvest","rvest","C:/Program Files/R/R-3.5.3/library","0.3.5",NA,"R (>= 3.2), xml2","httr (>= 0.5), magrittr, selectr",NA,"covr, knitr, png, rmarkdown, spelling, stringi (>= 0.3.1),
testthat",NA,"GPL-3",NA,NA,NA,NA,"no","3.5.3"
"scales","scales","C:/Program Files/R/R-3.5.3/library","1.1.0",NA,"R (>= 3.2)","farver (>= 2.0.0), labeling, munsell (>= 0.5), R6,
RColorBrewer, viridisLite, lifecycle",NA,"bit64, covr, dichromat, hms, testthat (>= 2.1.0), ggplot2",NA,"MIT + file LICENSE",NA,NA,NA,NA,"no","3.5.3"
"scatterplot3d","scatterplot3d","C:/Program Files/R/R-3.5.3/library","0.3-41",NA,"R (>= 2.7.0)","grDevices, graphics, stats",NA,NA,NA,"GPL-2",NA,NA,NA,NA,"no","3.5.2"
"selectr","selectr","C:/Program Files/R/R-3.5.3/library","0.4-2",NA,"R (>= 3.0)","methods, stringr, R6",NA,"testthat, XML, xml2",NA,"BSD_3_clause + file LICENCE",NA,NA,NA,NA,"no","3.5.3"
"shiny","shiny","C:/Program Files/R/R-3.5.3/library","1.4.0",NA,"R (>= 3.0.2), methods","utils, grDevices, httpuv (>= 1.5.2), mime (>= 0.3), jsonlite
(>= 0.9.16), xtable, digest, htmltools (>= 0.4.0), R6 (>= 2.0),
sourcetools, later (>= 1.0.0), promises (>= 1.1.0), tools,
crayon, rlang (>= 0.4.0), fastmap (>= 1.0.0)",NA,"datasets, Cairo (>= 1.5-5), testthat (>= 2.1.1), knitr (>=
1.6), markdown, rmarkdown, ggplot2, reactlog (>= 1.0.0),
magrittr, yaml",NA,"GPL-3 | file LICENSE",NA,NA,NA,NA,"no","3.5.3"
"sourcetools","sourcetools","C:/Program Files/R/R-3.5.3/library","0.1.7",NA,"R (>= 3.0.2)",NA,NA,"testthat",NA,"MIT + file LICENSE",NA,NA,NA,NA,"yes","3.5.3"
"sp","sp","C:/Program Files/R/R-3.5.3/library","1.3-2",NA,"R (>= 3.0.0), methods","utils, stats, graphics, grDevices, lattice, grid",NA,"RColorBrewer, rgdal (>= 0.8-7), rgeos (>= 0.3-13), gstat,
maptools, deldir",NA,"GPL (>= 2)",NA,NA,NA,NA,"yes","3.5.3"
"SparseM","SparseM","C:/Program Files/R/R-3.5.3/library","1.78",NA,"R (>= 2.15), methods","graphics, stats, utils",NA,NA,NA,"GPL (>= 2)",NA,NA,NA,NA,"yes","3.5.3"
"spatial","spatial","C:/Program Files/R/R-3.5.3/library","7.3-11","recommended","R (>= 3.0.0), graphics, stats, utils",NA,NA,"MASS",NA,"GPL-2 | GPL-3",NA,NA,NA,NA,"yes","3.5.3"
"splines","splines","C:/Program Files/R/R-3.5.3/library","3.5.3","base",NA,"graphics, stats",NA,"Matrix, methods",NA,"Part of R 3.5.3",NA,NA,NA,NA,"yes","3.5.3"
"stats","stats","C:/Program Files/R/R-3.5.3/library","3.5.3","base",NA,"utils, grDevices, graphics",NA,"MASS, Matrix, SuppDists, methods, stats4",NA,"Part of R 3.5.3",NA,NA,NA,NA,"yes","3.5.3"
"stats4","stats4","C:/Program Files/R/R-3.5.3/library","3.5.3","base",NA,"graphics, methods, stats",NA,NA,NA,"Part of R 3.5.3",NA,NA,NA,NA,NA,"3.5.3"
"stringi","stringi","C:/Program Files/R/R-3.5.3/library","1.4.5",NA,"R (>= 2.14)","tools, utils, stats",NA,NA,NA,"file LICENSE","yes",NA,NA,NA,"yes","3.5.3"
"stringr","stringr","C:/Program Files/R/R-3.5.3/library","1.4.0",NA,"R (>= 3.1)","glue (>= 1.2.0), magrittr, stringi (>= 1.1.7)",NA,"covr, htmltools, htmlwidgets, knitr, rmarkdown, testthat",NA,"GPL-2 | file LICENSE",NA,NA,NA,NA,"no","3.5.3"
"survival","survival","C:/Program Files/R/R-3.5.3/library","3.1-8","recommended","R (>= 3.4.0)","graphics, Matrix, methods, splines, stats, utils",NA,NA,NA,"LGPL (>= 2)",NA,NA,NA,NA,"yes","3.5.3"
"swirl","swirl","C:/Program Files/R/R-3.5.3/library","2.4.5",NA,"R (>= 3.1.0)","stringr, testthat (>= 1.0.2), httr (>= 1.1.0), yaml, RCurl,
digest, tools, methods",NA,"stringi",NA,"MIT + file LICENSE",NA,NA,NA,NA,"no","3.5.3"
"sys","sys","C:/Program Files/R/R-3.5.3/library","3.3",NA,NA,NA,NA,"unix (>= 1.4), spelling, testthat",NA,"MIT + file LICENSE",NA,NA,NA,NA,"yes","3.5.3"
"tcltk","tcltk","C:/Program Files/R/R-3.5.3/library","3.5.3","base",NA,"utils",NA,NA,NA,"Part of R 3.5.3",NA,NA,NA,NA,"yes","3.5.3"
"testthat","testthat","C:/Program Files/R/R-3.5.3/library","2.3.1",NA,"R (>= 3.1)","cli, crayon (>= 1.3.4), digest, ellipsis, evaluate, magrittr,
methods, pkgload, praise, R6 (>= 2.2.0), rlang (>= 0.4.1),
withr (>= 2.0.0)",NA,"covr, curl (>= 0.9.5), devtools, knitr, rmarkdown, usethis,
vctrs (>= 0.1.0), xml2",NA,"MIT + file LICENSE",NA,NA,NA,NA,"yes","3.5.3"
"tibble","tibble","C:/Program Files/R/R-3.5.3/library","2.1.3",NA,"R (>= 3.1.0)","cli, crayon (>= 1.3.4), fansi (>= 0.4.0), methods, pillar (>=
1.3.1), pkgconfig, rlang (>= 0.3.0), utils",NA,"bench, covr, dplyr, htmltools, import, knitr, mockr,
nycflights13, rmarkdown, testthat, withr",NA,"MIT + file LICENSE",NA,NA,NA,NA,"yes","3.5.3"
"tidyr","tidyr","C:/Program Files/R/R-3.5.3/library","1.0.2",NA,"R (>= 3.1)","dplyr (>= 0.8.2), ellipsis (>= 0.1.0), glue, magrittr, purrr,
Rcpp, rlang, stringi, tibble (>= 2.1.1), tidyselect (>= 0.2.5),
utils, vctrs (>= 0.2.0), lifecycle","Rcpp","covr, jsonlite, knitr, repurrrsive (>= 1.0.0), rmarkdown,
readr, testthat (>= 2.1.0)",NA,"MIT + file LICENSE",NA,NA,NA,NA,"yes","3.5.3"
"tidyselect","tidyselect","C:/Program Files/R/R-3.5.3/library","1.0.0",NA,"R (>= 3.2)","ellipsis, glue (>= 1.3.0), purrr (>= 0.3.2), rlang (>= 0.4.3),
vctrs (>= 0.2.2)",NA,"covr, crayon, dplyr, knitr, magrittr, rmarkdown, testthat (>=
2.3.0), tibble (>= 2.1.3), withr",NA,"GPL-3",NA,NA,NA,NA,"yes","3.5.3"
"tidyverse","tidyverse","C:/Program Files/R/R-3.5.3/library","1.3.0",NA,"R (>= 3.2)","broom (>= 0.5.2), cli (>= 1.1.0), crayon (>= 1.3.4), dbplyr
(>= 1.4.2), dplyr (>= 0.8.3), forcats (>= 0.4.0), ggplot2 (>=
3.2.1), haven (>= 2.2.0), hms (>= 0.5.2), httr (>= 1.4.1),
jsonlite (>= 1.6), lubridate (>= 1.7.4), magrittr (>= 1.5),
modelr (>= 0.1.5), pillar (>= 1.4.2), purrr (>= 0.3.3), readr
(>= 1.3.1), readxl (>= 1.3.1), reprex (>= 0.3.0), rlang (>=
0.4.1), rstudioapi (>= 0.10), rvest (>= 0.3.5), stringr (>=
1.4.0), tibble (>= 2.1.3), tidyr (>= 1.0.0), xml2 (>= 1.2.2)",NA,"covr, feather, glue, knitr, rmarkdown, testthat",NA,"GPL-3 | file LICENSE",NA,NA,NA,NA,"no","3.5.3"
"tinytex","tinytex","C:/Program Files/R/R-3.5.3/library","0.19",NA,NA,"xfun (>= 0.5)",NA,"testit, rstudioapi",NA,"MIT + file LICENSE",NA,NA,NA,NA,"no","3.5.3"
"tools","tools","C:/Program Files/R/R-3.5.3/library","3.5.3","base",NA,NA,NA,"codetools, methods, xml2, curl",NA,"Part of R 3.5.3",NA,NA,NA,NA,"yes","3.5.3"
"translations","translations","C:/Program Files/R/R-3.5.3/library","3.5.3",NA,NA,NA,NA,NA,NA,"Part of R 3.5.3",NA,NA,NA,NA,NA,"3.5.3"
"trimcluster","trimcluster","C:/Program Files/R/R-3.5.3/library","0.1-2.1",NA,"R (>= 1.9.0)",NA,NA,"fpc",NA,"GPL",NA,NA,NA,NA,"no","3.5.3"
"ucminf","ucminf","C:/Program Files/R/R-3.5.3/library","1.1-4",NA,NA,NA,NA,"numDeriv",NA,"GPL (>= 2)",NA,NA,NA,NA,"yes","3.5.2"
"utf8","utf8","C:/Program Files/R/R-3.5.3/library","1.1.4",NA,"R (>= 2.10)",NA,NA,"knitr, rmarkdown, testthat",NA,"Apache License (== 2.0) | file LICENSE",NA,NA,NA,NA,"yes","3.5.3"
"utils","utils","C:/Program Files/R/R-3.5.3/library","3.5.3","base",NA,NA,NA,"methods, xml2, commonmark",NA,"Part of R 3.5.3",NA,NA,NA,NA,"yes","3.5.3"
"vcd","vcd","C:/Program Files/R/R-3.5.3/library","1.4-5",NA,"R (>= 2.4.0), grid","stats, utils, MASS, grDevices, colorspace, lmtest",NA,"KernSmooth, mvtnorm, kernlab, HSAUR, coin",NA,"GPL-2",NA,NA,NA,NA,"no","3.5.3"
"vctrs","vctrs","C:/Program Files/R/R-3.5.3/library","0.2.2",NA,"R (>= 3.2)","ellipsis (>= 0.2.0), digest, glue, rlang (>= 0.4.2)",NA,"bit64, covr, crayon, generics, knitr, pillar (>= 1.4.1),
pkgdown, rmarkdown, testthat (>= 2.3.0), tibble, xml2, zeallot",NA,"GPL-3",NA,NA,NA,NA,"yes","3.5.3"
"viridis","viridis","C:/Program Files/R/R-3.5.3/library","0.5.1",NA,"R (>= 2.10), viridisLite (>= 0.3.0)","stats, ggplot2 (>= 1.0.1), gridExtra",NA,"hexbin (>= 1.27.0), scales, MASS, knitr, dichromat,
colorspace, rasterVis, httr, mapproj, vdiffr, svglite (>=
1.2.0), testthat, covr, rmarkdown, rgdal",NA,"MIT + file LICENSE",NA,NA,NA,NA,"no","3.5.3"
"viridisLite","viridisLite","C:/Program Files/R/R-3.5.3/library","0.3.0",NA,"R (>= 2.10)",NA,NA,"hexbin (>= 1.27.0), ggplot2 (>= 1.0.1), testthat, covr",NA,"MIT + file LICENSE",NA,NA,NA,NA,"no","3.5.3"
"weights","weights","C:/Program Files/R/R-3.5.3/library","1.0",NA,"Hmisc, gdata, mice",NA,NA,NA,NA,"GPL (>= 2)",NA,NA,NA,NA,"yes","3.5.3"
"whisker","whisker","C:/Program Files/R/R-3.5.3/library","0.4",NA,NA,NA,NA,"markdown",NA,"GPL-3",NA,NA,NA,NA,"no","3.5.3"
"withr","withr","C:/Program Files/R/R-3.5.3/library","2.1.2",NA,"R (>= 3.0.2)","stats, graphics, grDevices",NA,"testthat, covr, lattice, DBI, RSQLite, methods, knitr,
rmarkdown",NA,"GPL (>= 2)",NA,NA,NA,NA,"no","3.5.3"
"xfun","xfun","C:/Program Files/R/R-3.5.3/library","0.12",NA,NA,"stats, tools",NA,"testit, parallel, rstudioapi, tinytex, mime, markdown, knitr,
htmltools, base64enc, remotes, rmarkdown",NA,"MIT + file LICENSE",NA,NA,NA,NA,"no","3.5.3"
"xml2","xml2","C:/Program Files/R/R-3.5.3/library","1.3.2",NA,"R (>= 3.1.0)","methods",NA,"covr, curl, httr, knitr, magrittr, mockery, rmarkdown,
testthat (>= 2.1.0)",NA,"GPL (>= 2)",NA,NA,NA,NA,"yes","3.5.3"
"xtable","xtable","C:/Program Files/R/R-3.5.3/library","1.8-4",NA,"R (>= 2.10.0)","stats, utils",NA,"knitr, plm, zoo, survival",NA,"GPL (>= 2)",NA,NA,NA,NA,"no","3.5.3"
"yaml","yaml","C:/Program Files/R/R-3.5.3/library","2.2.1",NA,NA,NA,NA,"RUnit",NA,"BSD_3_clause + file LICENSE",NA,NA,NA,NA,"yes","3.5.3"
"zip","zip","C:/Program Files/R/R-3.5.3/library","2.0.4",NA,NA,NA,NA,"covr, processx, R6, testthat, withr",NA,"CC0",NA,NA,NA,NA,"yes","3.5.3"
"zoo","zoo","C:/Program Files/R/R-3.5.3/library","1.8-7",NA,"R (>= 3.1.0), stats","utils, graphics, grDevices, lattice (>= 0.20-27)",NA,"AER, coda, chron, fts, ggplot2 (>= 3.0.0), mondate, scales,
strucchange, timeDate, timeSeries, tis, tseries, xts",NA,"GPL-2 | GPL-3",NA,NA,NA,NA,"yes","3.5.3"
